{
  "staging": {
    "awscloudformation": {
      "AuthRoleName": "amplify-t6accenturewomeninte-staging-41526-authRole",
      "UnauthRoleArn": "arn:aws:iam::681227771964:role/amplify-t6accenturewomeninte-staging-41526-unauthRole",
      "AuthRoleArn": "arn:aws:iam::681227771964:role/amplify-t6accenturewomeninte-staging-41526-authRole",
      "Region": "ap-southeast-2",
      "DeploymentBucketName": "amplify-t6accenturewomeninte-staging-41526-deployment",
      "UnauthRoleName": "amplify-t6accenturewomeninte-staging-41526-unauthRole",
      "StackName": "amplify-t6accenturewomeninte-staging-41526",
      "StackId": "arn:aws:cloudformation:ap-southeast-2:681227771964:stack/amplify-t6accenturewomeninte-staging-41526/52396d10-5c23-11ee-a0c0-0229c4635f72",
      "AmplifyAppId": "dc0h0g3bm3ywh"
    },
    "categories": {
      "auth": {
        "T6AccentureWomeninTechBootcamp": {}
      },
      "function": {
        "S3Trigger0714c121": {
          "deploymentBucketName": "amplify-t6accenturewomeninte-staging-41526-deployment",
          "s3Key": "amplify-builds/S3Trigger0714c121-58592f34346c5754334f-build.zip"
        }
      },
      "api": {
        "T6AccentureWomeninTechBootcamp": {}
      },
      "storage": {
        "t6BootCampImage": {}
      }
    }
  }
}